Document,Summary,Tags_1,Tags_1,Tags,Email Based on Summary
Residual Disease Management In HER2+ve Early Breast Cancer Setting - Case Discussion.pdf,"RESIDUAL DISEASE MANAGEMENT IN HER2+VE EARLY BREAST CANCER SETTING: CASE DISCUSSION

  Historical Insights:

  * Residual disease after neoadjuvant therapy is a significant predictor of poor outcomes in HER2-positive early breast cancer (EBC)
  * High-risk HER2-positive EBC tumors are >2 cm or node-positive
  * Non-pCR population is heterogeneous, with varying burdens of disease
  * The Residual Cancer Burden (RCB) Index can predict outcome after neoadjuvant therapy

  Projected Futures:

  * Kadcyla reduces the risk of invasive disease-free survival (IDFS) events by 50% compared to Herceptin in patients with residual disease after neoadjuvant therapy
  * Kadcyla increases the 3-year IDFS rate from 77.0% to 88.3%
  * The benefit:risk of Kadcyla is transformative for patients with HER2-positive EBC who have residual disease following completion of neoadjuvant therapy
  * Presence of residual disease as a new decision point for changing treatment to T-DM1 in the adjuvant setting
  * Guidelines recommend changing treatment to T-DM1 in the adjuvant setting for patients with residual invasive disease

  Logical Relationship:

  * Historical insights provide a basis for understanding the prognostic significance of residual disease in HER2-positive EBC
  * Projected futures offer hope for improved outcomes with Kadcyla therapy in patients with residual disease
  * The logical relationship between historical insights and projected futures informs the development of personalized treatment plans for patients with HER2-positive EBC and residual disease.","{
""Scientific Area"": ""Oncology"",
""Indication"": ""Breast Cancer"",
""Drug"": ""Kadcyla"",
""Dosage"": ""14 cycles"",
""Diagnosis"": ""HER2-positive Early Breast Cancer (eBC)"",
""Symptoms"": ""Residual Disease"",
""Treatment Switch"": ""Changing to targeted chemotherapy"",
""Disease Stage"": ""High-risk HER2-positive eBC tumours"",
""Personalised Healthcare"": ""Patients with residual disease following completion of neoadjuvant therapy"",
""Quality of Life"": ""Not specified"",
""Minimal Residual Disease"": ""RCB Index predicts outcome after neoadjuvant therapy"",
""Tolerability"": ""Not specified"",
""Overall Survival"": ""Kadcyla reduced the risk of an IDFS event by 50%"",
""Mechanism of Action"": ""Targeted chemotherapy"",
""Prevention"": ""Changing to targeted chemotherapy"",
""Pharmacovigilance"": ""Kadcyla increased the 3-year IDFS rate from 77.0% to 88.3%"",
""Treatment Plan"": ""14 cycles of Kadcyla in the adjuvant setting"",
""Route of Administration"": ""Not specified"",
""Safety"": ""Not specified"",
""Efficacy"": ""Kadcyla reduced the risk of an IDFS event by 50% compared with Herceptin""
}","  * Drug: Kadcyla, Herceptin
  * Dosage: 14 cycles
  * Symptoms: None
  * Diagnosis: HER2-positive early breast cancer, high-risk HER2-positive early breast cancer
  * Quality of Life: Not applicable
  * Safety: Not applicable
  * Efficacy: Significant benefit in reducing the risk of an IDFS event by 50% compared with Herceptin
  * Treatment Switch: Changing to targeted chemotherapy in patients with residual disease after neoadjuvant therapy
  * Relapse: Not applicable
  * Indication: HER2-positive early breast cancer
  * Scientific Area: Oncology
  * Mechanism of Action: Not applicable","Context: The text is related to medical treatment, specifically discussing various aspects of cancer treatment such as surgery, radiotherapy, immunotherapy, and minimal residual disease.

Classification:

1. Sentiment: The sentiment of the text is neutral, as it provides factual information about medical treatment options without expressing any emotional opinion or bias.
2. Language: The language used in the text is formal and professional, indicating that it is intended for an audience of medical professionals or those with a similar level of knowledge in the field.
3. Audience: The intended audience of the text appears to be medical professionals, researchers, or individuals with a strong background in medicine and healthcare.
4. Safety: The text does not explicitly mention safety concerns or side effects associated with the discussed medical treatments. However, it does touch upon the topic of efficacy, which is closely related to safety in the context of medical treatment.
5. Efficacy: The text mentions the efficacy of various medical treatments, including surgery, radiotherapy, and immunotherapy, in terms of their ability to produce the desired beneficial clinical effect. This suggests that the author considers efficacy to be an important factor when evaluating medical treatments.
6. Symptoms: The text does not focus primarily on symptoms but briefly mentions them in relation to the discussion of general signs and symptoms.
7. Surgery: The text mentions surgery as one of the medical treatment options for cancer.
8. Dose-description: The text does not provide detailed information about medication dosages or descriptions. However, it does mention the importance of dosage in the context of medical treatment.
9. Dose-form: The text does not specify the form of medication dosages, such as tablets, capsules, or injections.
10. Route of administration: The text does not elaborate on the route of administration for medications, such as oral, topical, or intravenous.
11. Hospital: The text mentions hospitals as healthcare institutions where patients receive medical treatment, including surgery and radiotherapy.
12. Immunotherapy: The text identifies immunotherapy as a type of medical treatment that utilizes the body's immune system to fight cancer.
13. Radiotherapy: The text explains radiotherapy as a treatment option that involves exposing the body to radiation to destroy cancer cells.
14. Quality of life: The text briefly references quality of life as an aspect of cancer treatment, suggesting that it is an important consideration for patients and healthcare providers.
15. Minimal Residual Disease: The text defines Minimal Residual Disease (MRD) as evidence of remaining cancer cells after primary treatment, which can only be detected using highly sensitive techniques.
16. Diagnosis: The text mentions diagnosis as the process of investigating and recognizing the presence and nature of diseases or conditions, including cancer.

Based on the above analysis, here's a JSON response summarizing the schema requirements met by the given text:
```json
{
    ""sentiment"": ""neutral"",
    ""language"": ""formal_professional"",
    ""audience"": ""medical_professionals"",
    ""safety"": ""not_explicitly_mentioned"",
    ""efficacy"": ""important_factor"",
    ""symptoms"": ""briefly_mentioned"",
    ""surgery"": ""mentioned"",
    ""dose-description"": ""not_provided"",
    ""dose-form"": ""not_specified"",
    ""route_of_administration"": ""not_elaborated"",
    ""hospital"": ""mentioned"",
    ""immunotherapy"": ""mentioned"",
    ""radiotherapy"": ""mentioned"",
    ""quality_of_life"": ""briefly_referenced"",
    ""minimal_residual_disease"": ""defined"",
    ""diagnosis"": ""mentioned""
}
```
Explanation:

* Sentiment: The text maintains a neutral tone throughout, providing factual information without expressing any emotional opinions or biases.
* Language: The language used is formal and professional, suggesting that it is intended for an audience of medical professionals or those with a similar level of knowledge in the field.
* Audience: Given the technical nature of the content and the use of special
True

Sure, I'd be happy to help! Based on the provided schema, here's my analysis and classification of the given text:

1. Prevention: Yes - The text mentions ""preventive measures"" and ""prevention,"" indicating that prevention is relevant to the topic.
2. Treatment: Yes - The text mentions ""treatment"" and ""therapy,"" suggesting that treatment options are being discussed.
3. Epidemiology: No - While the text references ""incidence,"" ""prevalence,"" and ""mortality,"" it does not explicitly discuss epidemiology or the study of disease patterns in populations.
4. Pharmacovigilance: No - There is no mention of drug safety monitoring or pharmacovigilance in the given text.
5. Patient Support Programme: No - The text does not reference patient support programs specifically.
6. Patient Access: No - While the text mentions ""access,"" it does not directly relate to patient access initiatives.
7. Content Complexity Introductory: Yes - The text uses simple language and short sentences, making it suitable for an introductory audience.
8. Home: No - The text does not contain any explicit references to home or living spaces.
9. Content Complexity Intermediate: No - Although some medical terms are used, they are explained in an accessible way, suggesting an introductory rather than intermediate level of complexity.
10. Content Complexity Advanced: No - As mentioned above, while there are some technical terms, they are not numerous enough nor complex enough to warrant an advanced level of content complexity.
11. Content Complexity Expert: No - This text does not approach the level of specialization required for expert-level content.
12. Non-Clinical Topics: Congress Meeting Event - The text mentions a congress meeting event, which falls within the category of non-clinical topics.
13. Personalised Healthcare: No - While personalized medicine is alluded to, it is not a primary focus of the text.
14. Tolerability: No - The concept of tolerability is not addressed directly in the given passage.
15. Overall Survival: No - Likewise, overall survival rates are not explicitly discussed.
16. Mechanism of Action: No - The text does not delve into detailed descriptions of drug mechanisms of action.

Based on these classifications, here's a JSON response summarizing the findings:
```json
{
    ""schema_requirements"": {
        ""Prevention"": true,
        ""Treatment"": true,
        ""Epidemiology"": false,
        ""Pharmacovigilance"": false,
        ""Patient Support Programme"": false,
        ""Patient Access"": false,
        ""Content Complexity Introductory"": true,
        ""Home"": false,
        ""Content Complexity Intermediate"": false,
        ""Content Complexity Advanced"": false,
        ""Content Complexity Expert"": false,
        ""Non-Clinical Topics"": [""Congress Meeting Event""],
        ""Personalised Healthcare"": false,
        ""Tolerability"": false,
        ""Overall Survival"": false,
        ""Mechanism of Action"": false
    }
}
```
Explanation:

* The text satisfies several requirements related to clinical aspects, such as prevention, treatment, and non-clinical topics like congress meeting events.
* However, it does not fulfill criteria related to epidemiology, pharmacovigilance, patient support programs, patient access, or advanced levels of content complexity.
* The text uses simple language and explanations, making it suitable for an introductory audience but not advanced or expert-level readers.
* Personalized healthcare is briefly mentioned but not extensively discussed.
* The concepts of tolerability and overall survival are not explicitly covered in the passage.
* Lastly, the text does not detail drug mechanisms of action, leaving that requirement unfulfilled.
True","Subject: Enhancing Outcomes in HER2+ Early Breast Cancer - Leveraging Residual Disease Management

  Dear [Recipient's Name],

  I am writing to bring to your attention a crucial aspect of residual disease management in HER2-positive early breast cancer (EBC). Our team has been exploring the prognostic significance of residual disease after neoadjuvant therapy and its impact on patient outcomes.

  We have identified that high-risk HER2-positive EBC tumors are associated with a significant risk of recurrence, despite optimal neoadjuvant therapy. Moreover, the non-pCR population exhibits a diverse range of disease burdens, highlighting the need for personalized approaches to enhance outcomes.

  To address this challenge, we propose incorporating the Residual Cancer Burden (RCB) Index into clinical practice. This innovative tool can help predict outcome after neoadjuvant therapy and guide treatment decisions. Specifically, we suggest considering Kadcyla therapy for patients with residual invasive disease, as it has shown a 50% reduction in the risk of invasive disease-free survival events compared to Herceptin.

  By leveraging these insights and strategies, we can optimize treatment plans for patients with HER2-positive EBC and improve their chances of achieving long-term success. We would be delighted to discuss this topic further and explore potential collaboration opportunities.

  Kind regards,

  [Your Name]"
test_breast_file.pdf," Kadcyla provides a vital direction for patients with residual invasive disease, offering dual antitumor activity and the potential for improved outcomes.
  
  * Key Highlights:
    - Kadcyla reduces the risk of recurrence by 50% compared to trastuzumab.
    - The efficacy and safety profile of Kadcyla are confirmed in a phase 3 study.
    - Adverse events are common with Kadcyla, but discontinuation due to these events is relatively low.
    - Dosing and administration instructions should be carefully considered when using Kadcyla.

Here is a list of key terms and phrases relevant to the document:

  * HER2-positive early breast cancer (eBC)
  * Residual invasive disease
  * Adjuvant therapy
  * Neoadjuvant response
  * Dual antitumor activity
  * DM1
  * Trastuzumab
  * Risk of recurrence
  * Efficacy and safety profile
  * Phase 3 study
  * Adverse events
  * Dosing and administration","{
""Scientific Area"": ""Oncology"",
""Indication"": ""Residual invasive disease"",
""Drug"": ""Kadcyla"",
""Dosage"": """",
""Diagnosis"": ""Human Epidermal Growth Factor Receptor 2 (HER2)-positive early-stage breast cancer (eBC)"",
""Symptoms"": """",
""Treatment Switch"": ""Different direction for patients with residual invasive disease"",
""Disease Stage"": ""Advanced"",
""Personalised Healthcare"": ""Adapt adjuvant therapy based on patients’ neoadjuvant response"",
""Quality of Life"": ""Give your patients a sense of control"",
""Minimal Residual Disease"": """",
""Tolerability"": ""Adverse events"",
""Overall Survival"": ""Reduced the risk of recurrence by 50%"",
""Mechanism of Action"": ""Dual antitumour activity with HER2 suppression and the release of DM1 inside HER2-targeted cells"",
""Prevention"": """",
""Pharmacovigilance"": ""Efficacy and safety profile confirmed in a phase 3 study"",
""Treatment Plan"": ""Consider the whole HER2-positive eBC treatment journey"",
""Route of Administration"": """",
""safety"": ""Adverse events"",
""efficacy"": ""Reduced the risk of recurrence by 50%"",
""Tags"": ""Residual invasive disease, HER2-positive eBC, HER2 suppression, DM1, Kadcyla, Neoadjuvant response, Adjuvant therapy, Quality of life, Control, Phase 3 study, Adverse events, Adverse events leading to discontinuation""
}","  * Drug: Kadcyla
  * Dosage: Not applicable
  * Symptoms: Not applicable
  * Diagnosis: Not applicable
  * Quality of life: Not applicable
  * Safety: Adverse events
  * Efficacy: Reduced the risk of recurrence by 50%
  * Treatment switch: Not applicable
  * Relapse: Risk of distant recurrence was lower with Kadcyla vs trastuzumab
  * Indication: Residual invasive disease
  * Scientific area: Oncology
  * Mechanism of action: Dual antitumour activity with HER2 suppression and the release of DM1 inside HER2-targeted cells"," Based on the provided context, I would classify it into the following schema property:

* sentiment: positive
        + Description: The text expresses a positive sentiment towards the drug Kadcyla and its ability to treat breast cancer.
* language: technical
        + Description: The text uses technical terms related to cancer treatment and clinical trials, indicating a formal and professional tone.
* audience: healthcare professionals
        + Description: The text appears to be directed towards healthcare professionals who are familiar with cancer treatment options and clinical trial data.
* safety: yes
        + Description: The text mentions the safety profile of Kadcyla and compares it to trastuzumab, indicating that safety is a concern in the treatment decision-making process.
* efficacy: yes
        + Description: The text highlights the efficacy of Kadcyla in reducing the risk of recurrence and improving outcomes for patients with residual invasive disease.
* symptoms: no
        + Description: The text does not mention specific symptoms associated with breast cancer or the treatment.
* surgery: no
        + Description: The text does not mention surgery as a treatment option.
* dose-description: yes
        + Description: The text mentions the dosing and administration of Kadcyla.
* dose-form: no
        + Description: The text does not specify the dose form of Kadcyla.
* route of administration: no
        + Description: The text does not specify the route of administration of Kadcyla.
* dosage: no
        + Description: The text does not provide information about the recommended dosage of Kadcyla.
* hospital: no
        + Description: The text does not mention hospitals or inpatient treatment.
* immunotherapy: no
        + Description: The text does not mention immunotherapy as a treatment option.
* radiotherapy: no
        + Description: The text does not mention radiotherapy as a treatment option.
* Quality of Life: no
        + Description: The text does not mention quality of life as a consideration in treatment decisions.
* Minimal Residual Disease: no
        + Description: The text does not mention minimal residual disease as a treatment outcome.
* diagnosis: no
        + Description: The text does not mention diagnosis or diagnostic methods.

Here is the JSON output:
```json
{
  ""sentiment"": ""positive"",
  ""language"": ""technical"",
  ""audience"": ""healthcare professionals"",
  ""safety"": ""yes"",
  ""efficacy"": ""yes"",
  ""symptoms"": ""no"",
  ""surgery"": ""no"",
  ""dose-description"": ""yes"",
  ""dose-form"": ""no"",
  ""route of administration"": ""no"",
  ""dosage"": ""no"",
  ""hospital"": ""no"",
  ""immunotherapy"": ""no"",
  ""radiotherapy"": ""no"",
  ""Quality of Life"": ""no"",
  ""Minimal Residual Disease"": ""no"",
  ""diagnosis"": ""no""
}
```
True
Based on the provided context, I would classify it under the ""Treatment"" category, as it discusses the use of Kadcyla for treating patients with residual invasive disease.

Here's the JSON format classification:

{
""category"": ""Treatment"",
""properties"": {
""prevention"": false,
""treatment"": true,
""epidemiology"": false,
""pharmacovigilance"": false,
""patient support programme"": false,
""patient access"": false,
""content complexity introductory"": false,
""home"": false,
""content complexity intermediate"": false,
""content complexity advanced"": false,
""content complexity expert"": false,
""Non Clinical Topics"": false,
""congress meeting event"": false,
""disease stage"": false,
""personalised healthcare"": false,
""tolerability"": false,
""overall survival"": false,
""mechanism of action"": false
}
}

Explanation:

* Category: Treatment - This context discusses the use of Kadcyla as a treatment option for patients with residual invasive disease, making it relevant to the ""Treatment"" category.
* Properties:
        + prevention: False - The context does not mention anything related to prevention.
        + treatment: True - The context clearly mentions Kadcyla as a treatment option.
        + epidemiology: False - There is no discussion of epidemiology in the context.
        + pharmacovigilance: False - No mention of pharmacovigilance.
        + patient support programme: False - Not mentioned.
        + patient access: False - Not mentioned.
        + content complexity introductory: False - The language used is not introductory.
        + home: False - Not related to home care.
        + content complexity intermediate: False - The language used is not intermediate.
        + content complexity advanced: False - The language used is not advanced.
        + content complexity expert: False - The language used is not expert level.
        + Non Clinical Topics: False - Not related to non-clinical topics.
        + congress meeting event: False - No mention of a congress meeting event.
        + disease stage: False - No discussion of disease stage.
        + personalised healthcare: False - No mention of personalized healthcare.
        + tolerability: False - Tolerability is not discussed.
        + overall survival: False - Overall survival is not mentioned.
        + mechanism of action: False - Mechanism of action is not explained.
True","
  
  Subject: Kadcyla's Efficacy and Safety Profile Confirmed in Phase 3 Study
  
  Dear [Recipient],
  
  We are pleased to share the results of our phase 3 study on Kadcyla, which demonstrates the drug's dual antitumor activity and potential for improved patient outcomes. Our findings confirm the efficacy and safety profile of Kadcyla, reducing the risk of recurrence by 50% compared to trastuzumab. While adverse events are common with Kadcyla, discontinuation due to these events is relatively low. Careful consideration of dosing and administration instructions is recommended when using Kadcyla.
  
  We believe that Kadcyla provides a vital direction for patients with residual invasive disease, offering hope for improved outcomes. We look forward to sharing more information on this exciting development.
  
  Best regards,
  
  [Your Name]"
APAC DAN Lung PPoC Insight WP (last updated 2023.08.08).pdf,"Here is an executive summary with bullet points:
  
  * The AU Lung Squad Insight Generation Process includes traditional KPI trackers, PMR/SMR insights, and ecosystem insights.
  * The process involves reflecting on business questions for the next cycle, potential areas of improvement, expectation setting, and structured insight review and gap prioritization.
  * The current insight strategy includes quarterly insight review processes, manual and time-consuming, and automated insight synthesis through OCE data.
  * Areas of opportunity include generating more quality insights, planning PPoC insight activities more efficiently, and tracking progress of accumulated insights and remaining insight gaps.
  * The desired outcome is to have a governance and processes around generating and synthesizing insights in APAC DAN Lung PPoC community, including guidelines for capturing all insights in OCE, aligned and consistent tagging of insights, and a tracking platform for DA squads and PPoCs to track progress and identify remaining insight gaps.
  * Key milestones/Definition of Done include implementing workshop outcomes, reviewing DAN insights, and learning sharing to the EI/EpiCX.
  * Stakeholders include the core WP team, extended WP team, agile coach, and sponsors.","{
""Scientific Area"": [""Lung cancer""],
""Indication"": [""Lung disease""],
""Drug"": [""Not mentioned""],
""Dosage"": [""Not mentioned""],
""Diagnosis"": [""Not mentioned""],
""Symptoms"": [""Not mentioned""],
""Treatment Switch"": [""Not mentioned""],
""Disease Stage"": [""Not mentioned""],
""Personalised Healthcare"": [""Not mentioned""],
""Minimal Residual Disease"": [""Not mentioned""],
""Tolerability"": [""Not mentioned""],
""Overall Survival"": [""Not mentioned""],
""Mechanism of Action"": [""Not mentioned""],
""Prevention"": [""Not mentioned""],
""Pharmacovigilance"": [""Not mentioned""],
""Treatment Plan"": [""Not mentioned""],
""Route of Administration"": [""Not mentioned""],
""Safety"": [""Not mentioned""],
""Efficacy"": [""Not mentioned""],
""Tags"": {
""AU Lung Squad Insight Generation Process (based on H1’2023 activities)"": [""Current insight"", ""Traditional KPI trackers"", ""SAP"", ""PBS"", ""syndicated sources"", ""PMR"", ""SMR"", ""Insights from the ecosystem"", ""OCE insights"", ""surveys"", ""PPoCs"", ""squad""],
""Insight Strategy"": [""Quarterly insight review process"", ""Potential areas of improvement"", ""Success looks like"", ""Insight gap prioritisation"", ""Tracking progress"", ""Accumulated insights"", ""Insight gaps""],
""Insight Governance & Integration in Lung Cancer DAN"": [""APAC DAN"", ""Context & Scope"", ""Background/context"", ""Governance & processes"", ""Desired outcome"", ""Insight generating governance"", ""Insight tracking platform"", ""Local PPoCs"", ""Key milestones / Definition of Done"", ""Work Package Stakeholders"", ""Current Insight tags""],
""Insight Tags - 90 day focus"": [""APAC Insight BootCamp"", ""AU Insight Training Feb 2023"", ""References""]
}
}","  * Drug: Not applicable
  * Dosage: Not applicable
  * Symptoms: Not applicable
  * Diagnosis: Not applicable
  * Quality of Life: Not applicable
  * Safety: Not applicable
  * Efficacy: Not applicable
  * Treatment Switch: Not applicable
  * Relapse: Not applicable
  * Indication: Not applicable
  * Scientific Area: Not applicable
  * Mechanism of Action: Not applicable",,"  
  
  Subject: Enhancing the AU Lung Squad Insight Generation Process
  Dear [Recipient],
  I am writing to bring to your attention the need to enhance the AU Lung Squad Insight Generation Process. As we continue to strive for excellence in our operations, it is essential that we have a robust and efficient process for generating and synthesizing insights.
  Our current process includes traditional KPI trackers, PMR/SMR insights, and ecosystem insights, but we recognize the need to improve in several areas. We aim to generate more quality insights, plan PPoC insight activities more efficiently, and track progress of accumulated insights and remaining insight gaps.
  To achieve these objectives, we propose implementing the following initiatives:
  1. Quarterly insight review processes to ensure consistency and alignment with business questions and objectives.
  2. Automated insight synthesis through OCE data to streamline the process and reduce manual efforts.
  3. Guidelines for capturing all insights in OCE, aligned and consistent tagging of insights, and a tracking platform for DA squads and PPoCs to track progress and identify remaining insight gaps.
  We believe that these initiatives will not only enhance the efficiency and effectiveness of our insight generation process but also provide valuable insights that can inform our strategic decision-making.
  We would appreciate your support and collaboration in this effort. Please let us know if you have any questions or concerns.
  Thank you for your time and consideration.
  Best regards,
  [Your Name]"
slide deck Dépistage personnalisé cancer du sein - associations de patients.pdf,"The project aims to provide personalized breast cancer screening services to women across France, particularly in underserved areas, through a multi-partner approach. The partners include associations, hospitals, and private companies. The project will be implemented in two phases: first, a pilot phase from October 2023 to February 2024, followed by a larger rollout across the country.

The project will focus on raising awareness about breast cancer risk factors, providing access to medical expertise, and offering personalized prevention and detection solutions. The partners will work together to develop adapted content, resources, and communication channels to reach women in their daily lives. They will also establish a network of trained professionals and volunteers to support the project.

The project's objectives are to increase breast cancer awareness, promote early detection, and improve treatment outcomes. To achieve these goals, the partners will use various tactics such as organizing workshops, events, and training sessions, as well as leveraging digital tools and social media campaigns. They will also work closely with healthcare professionals and organizations to ensure that the project is medically sound and effective.

Overall, the project has the potential to make a significant impact on breast cancer diagnosis and treatment in France, particularly among underserved populations. By working together, the partners can help save lives and improve the quality of life for many women.
",,,"Classification:

1. Sentiment: The sentiment of the text is neutral, as it provides factual information about medical treatment options without expressing any emotional opinion or bias.
2. Language: The language used in the text is formal and professional, indicating that it is intended for an audience of medical professionals or those with a similar level of knowledge in the field.
3. Audience: The intended audience of the text appears to be medical professionals, researchers, or individuals with a strong background in medicine and healthcare.
4. Safety: The text does not explicitly mention safety concerns or side effects associated with the medical treatments discussed. However, it does mention the potential risks and complications of surgery and radiotherapy.
5. Efficacy: The text discusses the effectiveness of various medical treatments, including surgery, radiotherapy, and immunotherapy, in terms of their ability to treat cancer and improve patient outcomes.
6. Symptoms: The text mentions symptoms in relation to cancer diagnosis and treatment, but does not provide detailed information about specific symptoms.
7. Surgery: The text discusses surgery as a treatment option for cancer, including the role of surgical oncology and the potential benefits and risks of surgical interventions.
8. Dose-description: The text does not provide detailed information about medication dosages or descriptions.
9. Dose-form: The text does not mention the specific forms of medications used in cancer treatment.
10. Route of administration: The text does not specify the routes of administration for cancer medications.
11. Dosage: The text does not provide information about specific medication dosages or frequencies.
12. Hospital: The text mentions hospitals as healthcare institutions where cancer patients receive treatment.
13. Immunotherapy: The text discusses immunotherapy as a type of cancer treatment that works by stimulating the body's immune system to fight cancer cells.
14. Radiotherapy: The text discusses radiotherapy as a cancer treatment that uses ionizing radiation to kill cancer cells.
15. Quality of Life: The text does not mention quality of life as a direct factor in cancer treatment decision-making.
16. Minimal Residual Disease: The text mentions minimal residual disease as a term used to describe small amounts of cancer cells that may remain after primary treatment.
17. Diagnosis: The text does not provide detailed information about cancer diagnosis methods or criteria.

Based on the above analysis, here's a JSON response summarizing the schema requirements met by the given text:
```json
{
    ""sentiment"": ""neutral"",
    ""language"": ""formal_professional"",
    ""audience"": ""medical_professionals"",
    ""safety"": {
        ""risks_complications"": [""surgery"", ""radiotherapy""]
    },
    ""efficacy"": {
        ""effective_treatments"": [""surgery"", ""radiotherapy"", ""immunotherapy""]
    },
    ""symptoms"": {
        ""cancer_symptoms"": true
    },
    ""surgery"": {
        ""surgical_oncology"": true,
        ""benefits_risks"": true
    },
    ""immunotherapy"": {
        ""stimulates_immune_system"": true
    },
    ""radiotherapy"": {
        ""ionizing_radiation"": true
    },
    ""minimal_residual_disease"": {
        ""small_amounts_of_cancer_cells"": true
    }
}
```
Explanation:

* Sentiment: The text maintains a neutral tone throughout, providing factual information without expressing any emotional opinions or biases.
* Language: The language used is formal and professional, suggesting that it is intended for an audience of medical professionals or those with a similar level of knowledge in the field.
* Audience: Given the technical nature of the content and the use of medical terminology, it appears that the intended audience consists of medical professionals, researchers, or individuals with a strong background in medicine and healthcare.
True

{""response"": {
""prevention"": ""Yes"",
""treatment"": ""Yes"",
""epidemiology"": ""No"",
""pharmacovigilance"": ""No"",
""patient support programme"": ""Yes"",
""patient access"": ""Yes"",
""content complexity introductory"": ""Yes"",
""home"": ""No"",
""content complexity intermediate"": ""Yes"",
""content complexity advanced"": ""No"",
""content complexity expert"": ""No"",
""Non Clinical Topics"": ""Congress"",
""congress meeting event"": ""Pre-Event"",
""disease stage"": ""No"",
""personalised healthcare"": ""Yes"",
""tolerability"": ""No"",
""overall survival"": ""No"",
""mechanism of action"": ""No""
}
}

Explanation:

1. Prevention and Treatment are both set to ""Yes"" since they are directly related to medical interventions.
2. Epidemiology and Pharmacovigilance are both set to ""No"" since they are not directly related to medical interventions but rather to the study of disease patterns and drug safety surveillance, respectively.
3. Patient Support Programme and Patient Access are both set to ""Yes"" since they relate to patient care and assistance.
4. Content Complexity Introductory, Content Complexity Intermediate, Content Complexity Advanced, and Content Complexity Expert are set to ""Yes"", ""Yes"", ""No"", and ""No"", respectively, based on the levels of complexity described in the schema.
5. Home is set to ""No"" since it does not match any of the given options.
6. Non Clinical Topics is set to ""Congress"" since it matches the option mentioned in the schema.
7. Congress Meeting Event is set to ""Pre-Event"" since it matches the option mentioned in the schema.
8. Disease Stage is set to ""No"" since it does not match any of the given options.
9. Personalised Healthcare is set to ""Yes"" since it relates to tailoring medical care to individual patients.
10. Tolerability, Overall Survival, and Mechanism of Action are all set to ""No"" since they do not match any of the given options.
True",